<?xml version="1.0" ?>
<window>
	<defaultcontrol always="true">2000</defaultcontrol>
	<animation type="WindowOpen" reversible="false">
		<effect type="zoom" start="80" end="100" center="auto" easing="out" tween="back" time="300"/>
		<effect type="fade" start="0" end="100" time="300"/>
	</animation>
	<animation type="WindowClose" reversible="false">
		<effect type="zoom" start="100" end="80" center="auto" easing="in" tween="back" time="300"/>
		<effect type="fade" start="100" end="0" time="300"/>
	</animation>
	<coordinates>
		<left>0</left>
		<top>0</top>
		<origin x="0" y="0">Window.IsActive(Home)</origin>
	</coordinates>
	<controls>
		<!-- fade image -->
		<control type="image">
			<left>-1920</left>
			<top>-1080</top>
			<width>5760</width>
			<height>3240</height>
			<animation effect="fade" start="0" end="100" time="300">WindowOpen</animation>
			<animation effect="fade" start="100" end="0" time="200">WindowClose</animation>
			<texture colordiffuse="88888888">colimg/black.png</texture>
		</control>
		<!-- big back button -->
		<control type="button" id="2999">
			<left>-1920</left>
			<top>-1080</top>
			<width>5760</width>
			<height>3240</height>
			<texturefocus/>
			<texturenofocus/>
			<onclick>Action(back)</onclick>
			<onup>2000</onup>
			<ondown>2000</ondown>
			<onleft>2000</onleft>
			<onright>2000</onright>
		</control>
		<!-- background -->
		<control type="image" id="2001">
			<visible>true</visible>
			<left>-40</left>
			<top>-60</top>
			<width>800</width>
			<height>800</height>
			<texture border="60">frames/Menu_Glass2b.png</texture>
			<colordiffuse>DialogBackgroundColor</colordiffuse>
		</control>
		<!-- list control -->
		<control type="list" id="2000">
			<left>0</left>
			<top>0</top>
			<width>800</width>
			<height>800</height>
			<onleft/>
			<onright/>
			<visible>true</visible>
			<viewtype>biglist</viewtype>
			<orientation>vertical</orientation>
			<autoscroll>false</autoscroll>
			<scrolltime tween="sine" easing="out">200</scrolltime>
			<!-- not focused -->
			<itemlayout width="800" height="80">
				<control type="image">
					<left>0</left>
					<top>0</top>
					<width>800</width>
					<height>80</height>
					<visible>false</visible>
				</control>
				<control type="label">
					<left>0</left>
					<top>3</top>
					<width>800</width>
					<height>80</height>
					<textcolor>TextNF</textcolor>
					<font>METF_DialogLarge</font>
					<aligny>center</aligny>
					<align>center</align>
					<label>$INFO[ListItem.Label]</label>
				</control>
			</itemlayout>
			<!-- focused -->
			<focusedlayout width="800" height="80">
				<control type="image">
					<left>0</left>
					<top>0</top>
					<width>800</width>
					<height>80</height>
					<texture border="5">keyboard/ButtonFO.png</texture>
					<visible>Control.HasFocus(2000)</visible>
				</control>
				<!-- focus - selected -->
				<control type="label">
					<left>0</left>
					<top>3</top>
					<width>800</width>
					<height>80</height>
					<textcolor>DialogTextFO</textcolor>
					<aligny>center</aligny>
					<align>center</align>
					<font>METF_DialogLarge</font>
					<label>$INFO[ListItem.Label]</label>
				</control>
			</focusedlayout>
		</control>
	</controls>
</window>
