<?xml version="1.0" encoding="UTF-8"?>
<window>
	<defaultcontrol>{default}</defaultcontrol>
	<animation effect="zoom" start="0" end="100" time="200" center="960,540">WindowOpen</animation>
	<animation effect="zoom" start="100" end="0" time="200" center="960,540">WindowClose</animation>

	<coordinates>
		<left>{xpos}</left>
		<top>{ypos}</top>
		<origin x="{xpos}" y="{ypos}">Window.IsActive(Home)</origin>
	</coordinates>
	<controls>
		<control type="image">
			<left>-1920</left>
			<top>-1080</top>
			<width>5760</width>
			<height>3240</height>
			<animation effect="fade" start="0" end="100" time="200">WindowOpen</animation>
			<animation effect="fade" start="100" end="0" time="200">WindowClose</animation>
			<texture colordiffuse="{screen}">colors/black.png</texture>
		</control>
		<control type="button">
			<left>-1920</left>
			<top>-1080</top>
			<width>5760</width>
			<height>3240</height>
			<texturefocus />
			<texturenofocus />
			<onclick>Action(back)</onclick>
		</control>
		<!-- button settings -->
		<control type="image">
			<left>-100</left>
			<top>0</top>
			<width>75</width>
			<height>75</height>
			{background_img}
		</control>
		<control type="button" id="4000">
			<left>-100</left>
			<top>0</top>
			<width>75</width>
			<height>75</height>
			{button_tags}
			<align>center</align>
			<onright>800</onright>
		</control>
		<control type="image">
			<left>-95</left>
			<top>5</top>
			<width>65</width>
			<height>65</height>
			<texture colordiffuse="{text}">settings/set.png</texture>
		</control>
		<!-- item group -->
		<control type="group" id="800">
			<left>0</left>
			<top>0</top>
			<control type="image">
				<left>0</left>
				<top>0</top>
				<width>{width}</width>
				<height>{height}</height>
				{background_img}
			</control>
			<control type="grouplist" id="700">
				<description>grouplist for context buttons</description>
				<left>0</left>
				<top>0</top>
				<width>{width}</width>
				<height>{height}</height>
				<itemgap>0</itemgap>
				<usecontrolcoords>true</usecontrolcoords>
				<!-- button -->
				<control type="button" id="{id}">
					<left>0</left>
					<top>0</top>
					<!-- default <width>550</width> -->
					<width>{width}</width>
					<height>65</height>
					<label>{label}</label>
					{button_tags}
					{button_textcolor}
					{font_normal}
					<align>center</align>
					<aligny>center</aligny>
					<onleft>4000</onleft>
				</control>
				<!-- button -->
			</control>
		</control>
		<!-- item group -->
	</controls>
</window>


