<?xml version="1.0" encoding="UTF-8"?>
<window>
	<defaultcontrol always="true">3004</defaultcontrol>
	<animation effect="zoom" start="0" end="100" time="200" center="960,540">WindowOpen</animation>
	<animation effect="zoom" start="100" end="0" time="200" center="960,540">WindowClose</animation>
	<coordinates>
		<left>510</left>
		<top>360</top>
		<origin x="510" y="360">Window.IsActive(Home)</origin>

	</coordinates>
	<controls>
		<control type="image">
			<left>-1920</left>
			<top>-1080</top>
			<width>5760</width>
			<height>3240</height>
			<animation effect="fade" start="0" end="100" time="300">WindowOpen</animation>
			<animation effect="fade" start="100" end="0" time="200">WindowClose</animation>
			<texture colordiffuse="{screen}">colors/black.png</texture>
		</control>
		<control type="button" id="2999">
			<left>-1920</left>
			<top>-1080</top>
			<width>5760</width>
			<height>3240</height>
			<texturefocus />
			<texturenofocus />
			<onclick>Action(back)</onclick>
		</control>
		
		<control type="image">
			<left>0</left>
			<top>0</top>
			<width>800</width>
			<height>265</height>
			{background_img}
		</control>
		<control type="image">
			<left>0</left>
			<top>280</top>
			<width>800</width>
			<height>65</height>
			{background_img}
		</control>


		<control type="button" id="3000">
			<textoffsetx>50</textoffsetx>
			<left>0</left>
			<top>0</top>
			<width>800</width>
			<height>65</height>
			<label>$LOCALIZE[32400]</label>
			{button_tags}
			{button_textcolor}
			{font_normal}
			<align>left</align>
			<aligny>center</aligny>
			<ondown>3001</ondown>
		</control>
		<control type="button" id="3001">
			<textoffsetx>50</textoffsetx>
			<left>0</left>
			<top>65</top>
			<width>800</width>
			<height>65</height>
			<label>$LOCALIZE[32401]</label>
			{button_tags}
			{button_textcolor}
			{font_normal}
			<align>left</align>
			<aligny>center</aligny>
			<onup>3000</onup>
			<ondown>3002</ondown>
		</control>
		<control type="button" id="3002">
			<textoffsetx>50</textoffsetx>
			<left>0</left>
			<top>130</top>
			<width>800</width>
			<height>65</height>
			<label>$LOCALIZE[32402]</label>
			{button_tags}
			{button_textcolor}
			{font_normal}
			<align>left</align>
			<aligny>center</aligny>
			<onup>3001</onup>
			<ondown>3003</ondown>
		</control>
		<control type="button" id="3003">
			<textoffsetx>50</textoffsetx>
			<left>0</left>
			<top>195</top>
			<width>800</width>
			<height>65</height>
			<label>$LOCALIZE[32403]</label>
			{button_tags}
			{button_textcolor}
			{font_normal}
			<align>left</align>
			<aligny>center</aligny>
			<onup>3002</onup>
			<ondown>3004</ondown>
		</control>
		<control type="button" id="3004">
			<textoffsetx>50</textoffsetx>
			<left>0</left>
			<top>280</top>
			<width>800</width>
			<height>65</height>
			<label>$LOCALIZE[32404]</label>
			{button_tags}
			{button_textcolor}
			{font_normal}
			<align>center</align>
			<aligny>center</aligny>
			<onup>3003</onup>
		</control>

		<control type="label" id="300">
			<left>400</left>
			<top>0</top>
			<width>400</width>
			<height>65</height>
			<height>70</height>
			<label>Flat</label>
			{font_normal}
			<textcolor>{text}</textcolor>
			<align>left</align>
			<aligny>center</aligny>
		</control>
		<control type="label" id="301">
			<left>400</left>
			<top>65</top>
			<width>400</width>
			<height>65</height>
			<label>None</label>
			<height>70</height>
			{font_normal}
			<textcolor>{text}</textcolor>
			<align>left</align>
			<aligny>center</aligny>
		</control>
		<control type="label" id="302">
			<left>400</left>
			<top>130</top>
			<width>400</width>
			<height>65</height>
			<label>$LOCALIZE[32412]</label>
			<height>70</height>
			{font_normal}
			<textcolor>{text}</textcolor>
			<align>left</align>
			<aligny>center</aligny>
		</control>
		<control type="label" id="303">
			<left>400</left>
			<top>195</top>
			<width>400</width>
			<height>65</height>
			<label>$NUMBER[1]</label>
			<height>70</height>
			{font_normal}
			<textcolor>{text}</textcolor>
			<align>left</align>
			<aligny>center</aligny>
		</control>

	</controls>
</window>
