<?xml version="1.0" encoding="UTF-8"?>
<window>
	<defaultcontrol always="true">3000</defaultcontrol>
	<animation effect="fade" time="200">WindowOpen</animation>
	<animation effect="fade" time="200">WindowClose</animation>
	<coordinates>
		<left>510</left>
		<top>360</top>
		<origin x="510" y="360">Window.IsActive(Home)</origin>
	</coordinates>
	<controls>
		<control type="image">
			<left>0</left>
			<top>0</top>
			<width>800</width>
			<height>260</height>
			{background_img}
		</control>
		<control type="image">
			<left>0</left>
			<top>280</top>
			<width>800</width>
			<height>65</height>
			{background_img}
		</control>

		<control type="progress" id="1900">
			<description>Progress</description>
			<left>50</left>
			<top>100</top>
			<width>700</width>
			<height>30</height>
			<reveal>true</reveal>
			{progress_bar}

		</control>
		<control type="progress" id="1901">
			<description>Progress</description>
			<left>50</left>
			<top>150</top>
			<width>700</width>
			<height>30</height>
			<reveal>true</reveal>
			{progress_bar}
			
		</control>
		<control type="button" id="3000">
			<textoffsetx>50</textoffsetx>
			<left>0</left>
			<top>280</top>
			<width>800</width>
			<height>65</height>
			<label>$LOCALIZE[32418]</label>
			{button_tags}
			{button_textcolor}
			{font_normal}
			<align>center</align>
			<aligny>center</aligny>
			<onup>3003</onup>
		</control>

	</controls>
</window>
