<?xml version="1.0" encoding="UTF-8" standalone="yes"?>
<addon id="repository.linuxaddons" name="Linux Addon Repository" version="1.0.1" provider-name="wastis">
	<extension point="xbmc.addon.repository" name="xStream Repository">
		<dir>
			<info compressed="false">https://raw.github.com/wastis/LinuxAddonRepo/master/addons/addons.xml</info>
			<checksum>https://raw.github.com/wastis/LinuxAddonRepo/master/addons/addons.xml.md5</checksum>
			<datadir zip="true">https://raw.github.com/wastis/LinuxAddonRepo/master/addons/</datadir>
		</dir>
	</extension>
	<extension point="xbmc.addon.metadata">
		<license>GPL-3.0-or-later</license>
		<summary lang="de">Linux Addon Repository</summary>
		<description lang="en_GB">Contains Bluetooth Manager, Media Player Remote Interface and Pulse Equalizer Gui</description>
		<description lang="de_DE">Beinhaltet Bluetooth Manager, Media Player Remote Interface and Pulse Equalizer Gui</description>
		<disclaimer lang="en_GB">https://github.com/wastis/LinuxAddonRepo</disclaimer>
		<disclaimer lang="de_DE">https://github.com/wastis/LinuxAddonRepo</disclaimer>
		<platform>linux</platform>
	  <assets>
		<icon>icon.png</icon>
		<fanart>fanart.jpg</fanart>
	 </assets>
	</extension>
</addon>

