<?xml version="1.0" encoding="UTF-8"?>
<window>
	<defaultcontrol always="true">{default}</defaultcontrol>
	<animation effect="zoom" start="0" end="100" time="200" center="960,540">WindowOpen</animation>
	<animation effect="zoom" start="100" end="0" time="200" center="960,540">WindowClose</animation>
	<coordinates>
		<left>100</left>
		<top>{gtop}</top>
		<origin x="100" y="{gtop}">Window.IsActive(Home)</origin>

	</coordinates>
	<controls>
		<control type="image">
			<left>-1920</left>
			<top>-1080</top>
			<width>5760</width>
			<height>3240</height>
			<animation effect="fade" start="0" end="100" time="300">WindowOpen</animation>
			<animation effect="fade" start="100" end="0" time="200">WindowClose</animation>
			<texture colordiffuse="{screen}">colors/black.png</texture>
		</control>
		<control type="button" id="2999">
			<left>-1920</left>
			<top>-1080</top>
			<width>5760</width>
			<height>3240</height>
			<texturefocus />
			<texturenofocus />
		</control>
		<!-- page format -->

		<butgroup>
			<items left="0" height="65" gap="20">menu,profile,equalizer,device,correction,latency,GAP,volup,voldown</items>
			<items left="600" height="65" gap="20">FullScreen,ContextMenu,Info,CodecInfo,GAP,Powerdown,Reboot,Suspend,Quit</items>
			<items left="1200" height="65" gap="20">TimerStop,PlayPause,SkipNext,SkipPrevious,GAP,Screenshot,ShowSubtitles,AspectRatio,AudioNextLanguage</items>
		</butgroup>
		<!-- group template -->

		<control type="group">
			<left>{gleft}</left>
			<top>0</top>
			
		
			<!-- button template -->
			<control type="image">
				<left>0</left>
				<top>{btop}</top>
				<width>530</width>
				<height>{bheight}</height>
				{background_img}
			</control>
			<control type="button" id="{bid}">
				<textoffsetx>5</textoffsetx>
				<left>0</left>
				<top>{btop}</top>
				<width>530</width>
				<height>{bheight}</height>
				<label>{lbutton}</label>
				{button_tags}
				{button_textcolor}
				{font_keymap}
				<align>{align}</align>
				<aligny>center</aligny>
			</control>
			<!-- label template -->
			<control type="fadelabel" id="{lid}">
				<left>320</left>
				<top>{btop}</top>
				<width>200</width>
				<height>{bheight}</height>
				<label>{llable}</label>
				{font_keymap}
				 <textcolor>{text}</textcolor>
				<shadowcolor>{shadow}</shadowcolor>
				<align>right</align>
				<aligny>center</aligny>
			</control>

			<!-- label template end -->

		</control>
		<!-- group template end -->
	</controls>
</window>
