<?xml version="1.0" encoding="UTF-8" standalone="yes"?>
<addon id="script.pulseequalizer.gui" name="Pulse Equalizer" version="2.2.1" provider-name="wastis">
	<requires>
		<import addon="xbmc.python" version="3.0.0"/>
	</requires>
	<extension point="xbmc.python.script" library="resources/lib/addon.py">
		<provides>executable</provides>
	</extension>
	<extension point="xbmc.service" library="resources/lib/service.py" />
	<extension point="xbmc.addon.metadata">
		<platform>linux</platform>
		<summary lang="en">Graphical frontend for the Pulseaudio Equalizer.</summary>
		<summary lang="de_DE">Graphische Oberfläche für den Pulseaudio Klangfilter.</summary>
		<description lang="en">Provides functionality for audio adjustments, digital room correction and profile management. Requires pulseaudio-equalizer to be installed on the system.

https://github.com/wastis/PulseEqualizerGui
</description>
		<description lang="de_DE">Enthält Funktionalität zur Klangeinstellung, der digitalen Raumkorrektur sowie ein Profilmanagement. Benötigt den pulseaudio-equalizer auf dem System.  

https://github.com/wastis/PulseEqualizerGui
</description>
		<license>GPL-3.0-or-later</license>
		<forum>https://forum.kodi.tv/showthread.php?tid=360514</forum>
		<source>https://github.com/wastis/PulseEqualizerGui</source>
		<disclaimer lang="en_GB">Documentation: https://github.com/wastis/PulseEqualizerGui/wiki</disclaimer>
		<disclaimer lang="de_DE">Dokumentation: https://github.com/wastis/PulseEqualizerGui/wiki</disclaimer>
		<news>
v2.2.1  (23-07-6)
- include "Default" profile to fix a initialization problem
v2.2.0  (22-10-4)
- improve default sink handling. 
      Set a default sink for kodi that is used on system startup or
         when removable device is been removed
      Set the system default sink, that is also used as default master when a 
         static filter is created at boot time
         
v2.1.9  (22-09-30)
- fix probem with loading of large filters

v2.1.8  (22-09-17)
- improved startup procedure
- support of alsa-pulseservice as kodi input stream

v2.1.7  (2022-09-05)
- new icon (minor change)
- included into linux addon repository

v2.1.6  (2022-08-28)
- own filter setting for removable devices plugged in
- autoswitch to and from plugged and unplugged usb devices
- always switch back to default device on unplug to avoid conflict 
  between Kodi and equalizer
- stability optimizations

v2.1.5  (2022-08-25)
- fix context menu default selection
- fix device select menu double entries
- add device config menu to set default device (BT switch back device)
- improve output switching on bluetooth device connect and disconnect

v2.1.4  (2022-04-14)
- userinterface improvements
- color support for many skins
- introduced settings

v2.1.3  (2022-04-01)
- mini key map editor to easy create keymap file for equalizer, 
  including most important kodi commands
- add kodi user profile support and moved settings save location
- changes to improve menu pop up speed on slow devices

v2.1.2  (2022-03-22)
- Improved error message, in case pulse-equalizer is not installed
- Source code clean-ups
- Change of file structure to match standad
- Add System Volume into main menu
- Dynamic sliders for slow remotes in Volume and Equalizer GUI
- Possibilty to configure slider step-size in keymap

v2.1.1  (2021-12-16)
- fix some problems with Kodi 19.3 on raspberry (audio device conflicts, bt-device on/off issues)

v2.1.0 (2021-12-06)
- added Room Correction functionality
- more flexibility in filter frequency selection
- some user interface changes

	</news>
	<assets>
		<icon>resources/media/icon1.png</icon>
		<fanart>resources/media/fanart2.jpg</fanart>
		<screenshot>resources/media/scr0.png</screenshot>
		<screenshot>resources/media/scr1.png</screenshot>
	</assets>
	</extension>
</addon>
