<?xml version="1.0" encoding="UTF-8"?>
<window>
	<defaultcontrol>{default}</defaultcontrol>
	<animation effect="zoom" start="0" end="100" time="200" center="960,540">WindowOpen</animation>
	<animation effect="zoom" start="100" end="0" time="200" center="960,540">WindowClose</animation>

	<coordinates>
		<left>{xpos}</left>
		<top>{ypos}</top>
		<origin x={xpos} y="{ypos}">Window.IsActive(Home)</origin>
	</coordinates>
	<controls>
		<control type="image">
			<left>-1920</left>
			<top>-1080</top>
			<width>5760</width>
			<height>3240</height>
			<animation effect="fade" start="0" end="100" time="200">WindowOpen</animation>
			<animation effect="fade" start="100" end="0" time="200">WindowClose</animation>
			<texture colordiffuse="{col_screen}">colors/black.png</texture>
		</control>
		<control type="button">
			<left>-1920</left>
			<top>-1080</top>
			<width>5760</width>
			<height>3240</height>
			<texturefocus />
			<texturenofocus />
			<onclick>Action(close)</onclick>
		</control>
		<!-- item group -->
		<control type="group">
			<left>{left}</left>
			<top>0</top>
			<control type="image">
				<left>0</left>
				<top>0</top>
				<width>{width}</width>
				<height>{height}</height>
				<texture colordiffuse="{col_background}">colors/white.png</texture>
			</control>
			<control type="grouplist" id="{gid}">
				<description>grouplist for context buttons</description>
				<left>0</left>
				<top>0</top>
				<width>{width}</width>
				<itemgap>1</itemgap>
				<height>{height}</height>
				<usecontrolcoords>true</usecontrolcoords>
				<!-- button -->
				<control type="button" id="{id}">
					<left>0</left>
					<top>0</top>
					<width>550</width>
					<height>65</height>
					<label>{label}</label>
					<textcolor>{txt_col}</textcolor>
					<focusedcolor>{foc_col}</focusedcolor>
					<font>{font}</font>
					<texturefocus colordiffuse="{col_texturefocus}">colors/white.png</texturefocus>
					<texturenofocus colordiffuse="{col_texturenofocus}">colors/white.png</texturenofocus>
					<align>center</align>
					<onleft>{onleft}</onleft>
					<onright>{onright}</onright>
				</control>
				<!-- button -->
			</control>
		</control>
		<!-- item group -->
	</controls>
</window>


