<window>
	<defaultcontrol always="true">3004</defaultcontrol>
	<animation effect="zoom" start="0" end="100" time="200" center="960,540">WindowOpen</animation>
	<animation effect="zoom" start="100" end="0" time="200" center="960,540">WindowClose</animation>
	<coordinates>
		<left>510</left>
		<top>360</top>
		<origin x="510" y="360">Window.IsActive(Home)</origin>

	</coordinates>
	<controls>
		<control type="image">
			<left>-1920</left>
			<top>-1080</top>
			<width>5760</width>
			<height>3240</height>
			<animation effect="fade" start="0" end="100" time="300">WindowOpen</animation>
			<animation effect="fade" start="100" end="0" time="200">WindowClose</animation>
			<texture colordiffuse="{col_screen}">colors/black.png</texture>
		</control>
		<control type="button" id="2999">
			<left>-1920</left>
			<top>-1080</top>
			<width>5760</width>
			<height>3240</height>
			<texturefocus />
			<texturenofocus />
			<onclick>Action(close)</onclick>
		</control>

		<control type="button" id="3000">
			<textoffsetx>50</textoffsetx>
			<left>0</left>
			<top>0</top>
			<width>800</width>
			<height>65</height>
			<label>Profile</label>
			<textcolor>{col_text}</textcolor>
			<selectedcolor>{col_select}</selectedcolor>
			<focusedcolor>{col_textfocus}</focusedcolor>
			<font>{font}</font>
			<texturefocus colordiffuse="{col_texturefocus}">colors/white.png</texturefocus>
			<texturenofocus colordiffuse="{col_texturenofocus}">colors/white.png</texturenofocus>
			<align>left</align>
			<aligny>center</aligny>
			<ondown>3001</ondown>
		</control>
		<control type="button" id="3001">
			<textoffsetx>50</textoffsetx>
			<left>0</left>
			<top>65</top>
			<width>800</width>
			<height>65</height>
			<label>Room Correction</label>
			<textcolor>{col_text}</textcolor>
			<selectedcolor>{col_select}</selectedcolor>
			<focusedcolor>{col_textfocus}</focusedcolor>
			<font>{font}</font>
			<texturefocus colordiffuse="{col_texturefocus}">colors/white.png</texturefocus>
			<texturenofocus colordiffuse="{col_texturenofocus}">colors/white.png</texturenofocus>
			<align>left</align>
			<aligny>center</aligny>
			<onup>3000</onup>
			<ondown>3002</ondown>
		</control>
		<control type="button" id="3002">
			<textoffsetx>50</textoffsetx>
			<left>0</left>
			<top>130</top>
			<width>800</width>
			<height>65</height>
			<label>Channel</label>
			<textcolor>{col_text}</textcolor>
			<selectedcolor>{col_select}</selectedcolor>
			<focusedcolor>{col_textfocus}</focusedcolor>
			<font>{font}</font>
			<texturefocus colordiffuse="{col_texturefocus}">colors/white.png</texturefocus>
			<texturenofocus colordiffuse="{col_texturenofocus}">colors/white.png</texturenofocus>
			<align>left</align>
			<aligny>center</aligny>
			<onup>3001</onup>
			<ondown>3003</ondown>
		</control>
		<control type="button" id="3003">
			<textoffsetx>50</textoffsetx>
			<left>0</left>
			<top>195</top>
			<width>800</width>
			<height>65</height>
			<label>Count</label>
			<textcolor>{col_text}</textcolor>
			<selectedcolor>{col_select}</selectedcolor>
			<focusedcolor>{col_textfocus}</focusedcolor>
			<font>{font}</font>
			<texturefocus colordiffuse="{col_texturefocus}">colors/white.png</texturefocus>
			<texturenofocus colordiffuse="{col_texturenofocus}">colors/white.png</texturenofocus>
			<align>left</align>
			<aligny>center</aligny>
			<onup>3002</onup>
			<ondown>3004</ondown>
		</control>
		<control type="button" id="3004">
			<textoffsetx>50</textoffsetx>
			<left>0</left>
			<top>280</top>
			<width>800</width>
			<height>65</height>
			<label>Play</label>
			<textcolor>{col_text}</textcolor>
			<selectedcolor>{col_select}</selectedcolor>
			<focusedcolor>{col_textfocus}</focusedcolor>
			<font>{font}</font>
			<texturefocus colordiffuse="{col_texturefocus}">colors/white.png</texturefocus>
			<texturenofocus colordiffuse="{col_texturenofocus}">colors/white.png</texturenofocus>
			<align>center</align>
			<aligny>center</aligny>
			<onup>3003</onup>
		</control>

		<control type="label" id="300">
			<left>400</left>
			<top>0</top>
			<width>400</width>
			<height>65</height>
			<height>70</height>
			<label>Flat</label>
			<textcolor>{col_text}</textcolor>
			<shadowcolor>{col_shadow}</shadowcolor>
			<font>{font}</font>
			<align>left</align>
			<aligny>center</aligny>
		</control>
		<control type="label" id="301">
			<left>400</left>
			<top>65</top>
			<width>400</width>
			<height>65</height>
			<label>None</label>
			<height>70</height>
			<textcolor>{col_text}</textcolor>
			<shadowcolor>{col_shadow}</shadowcolor>
			<font>{font}</font>
			<align>left</align>
			<aligny>center</aligny>
		</control>
		<control type="label" id="302">
			<left>400</left>
			<top>130</top>
			<width>400</width>
			<height>65</height>
			<label>All</label>
			<height>70</height>
			<textcolor>{col_text}</textcolor>
			<shadowcolor>{col_shadow}</shadowcolor>
			<font>{font}</font>
			<align>left</align>
			<aligny>center</aligny>
		</control>
		<control type="label" id="303">
			<left>400</left>
			<top>195</top>
			<width>400</width>
			<height>65</height>
			<label>1</label>
			<height>70</height>
			<textcolor>{col_text}</textcolor>
			<shadowcolor>{col_shadow}</shadowcolor>
			<font>{font}</font>
			<align>left</align>
			<aligny>center</aligny>
		</control>

	</controls>
</window>
